id,name,gender,age,degree,stream,college_name,placement_status,salary,gpa,years_of_experience
1,John Doe,1,25,Bachelor's,0,5,1,60000,3.7,2.0
2,Jane Smith,0,24,Bachelor's,1,7,1,65000,3.6,1.0
3,Michael Johnson,1,26,Bachelor's,4,11,1,58000,3.8,3.0
4,Emily Davis,0,23,Bachelor's,3,43,0,0,3.5,2.0
5,David Brown,1,24,Bachelor's,0,9,1,62000,3.9,2.0
6,Sarah Wilson,0,25,Bachelor's,2,2,1,63000,3.7,1.0
7,James Martinez,1,26,Bachelor's,3,1,1,59000,3.8,3.0
8,Emma Garcia,0,24,Bachelor's,0,21,0,0,3.6,2.0
9,Alexander Taylor,1,25,Bachelor's,1,34,1,64000,3.7,2.0
10,Samantha Anderson,0,23,Bachelor's,4,8,1,57000,3.5,1.0
11,William Hernandez,1,24,Bachelor's,0,3,1,61000,3.9,2.0
12,Ava Lopez,0,25,Bachelor's,2,6,0,0,3.8,3.0
13,Daniel Martinez,1,26,Bachelor's,3,12,1,63000,3.7,2.0
14,Mia Gonzalez,0,24,Bachelor's,0,30,1,64000,3.6,1.0
15,Alexander Rodriguez,1,23,Bachelor's,1,15,1,66000,3.8,3.0
16,Isabella Perez,0,25,Bachelor's,4,40,0,0,3.7,2.0
17,Ethan Turner,1,26,Bachelor's,0,42,1,61000,3.9,2.0
18,Olivia Moore,0,24,Bachelor's,2,27,1,62000,3.8,1.0
19,Mason Parker,1,23,Bachelor's,3,32,1,59000,3.7,2.0
20,Amelia Rivera,0,25,Bachelor's,0,41,1,65000,3.6,1.0
21,Lucas Reed,1,24,Bachelor's,1,17,1,67000,3.5,3.0
22,Elizabeth Wood,0,26,Bachelor's,4,38,0,0,3.8,3.0
23,Aiden Ward,1,23,Bachelor's,0,19,1,60000,3.7,2.0
24,Charlotte Ross,0,25,Bachelor's,2,37,1,63000,3.6,1.0
25,Owen Brooks,1,26,Bachelor's,3,25,1,60000,3.9,2.0
26,Grace Watson,0,24,Bachelor's,0,31,0,0,3.8,3.0
27,Jack Bailey,1,23,Bachelor's,1,29,1,64000,3.7,2.0
28,Natalie Murphy,0,25,Bachelor's,4,13,1,66000,3.5,1.0
29,Liam Russell,1,24,Bachelor's,0,35,1,59000,3.7,2.0
30,Chloe Peterson,0,26,Bachelor's,2,22,1,62000,3.6,1.0
31,Elijah Kelly,1,23,Bachelor's,3,36,1,61000,3.9,2.0
32,Anna Cooper,0,25,Bachelor's,0,0,0,0,3.8,3.0
33,Lucas Reed,1,26,Bachelor's,1,10,1,65000,3.5,3.0
34,Sophia Price,0,24,Bachelor's,2,14,1,64000,3.6,1.0
35,Mason Parker,1,23,Bachelor's,3,4,1,67000,3.7,2.0
36,Olivia Moore,0,25,Bachelor's,0,26,0,0,3.6,1.0
37,William Hernandez,1,24,Bachelor's,3,33,1,63000,3.7,2.0
38,Amelia Rivera,0,26,Bachelor's,0,28,1,62000,3.8,3.0
39,Ethan Turner,1,23,Bachelor's,1,20,1,60000,3.7,2.0
40,Isabella Perez,0,25,Bachelor's,4,23,1,61000,3.5,1.0
41,Daniel Martinez,1,24,Bachelor's,0,16,0,0,3.9,2.0
42,Mia Gonzalez,0,26,Bachelor's,2,24,1,65000,3.7,1.0
43,Alexander Rodriguez,1,23,Bachelor's,3,18,1,66000,3.8,3.0
44,Olivia Moore,0,25,Bachelor's,0,39,1,63000,3.6,1.0
45,Jack Bailey,1,26,Bachelor's,1,40,1,64000,3.9,2.0
46,Charlotte Ross,0,24,Bachelor's,4,20,0,0,3.4,1.0
47,Owen Brooks,1,23,Bachelor's,0,17,1,65000,3.7,2.0
48,Grace Watson,0,25,Bachelor's,2,38,1,66000,3.8,3.0
49,Liam Russell,1,26,Bachelor's,3,15,1,67000,3.9,3.0
50,Chloe Peterson,0,24,Bachelor's,0,30,1,68000,3.9,3.0
51,Elijah Kelly,1,23,Bachelor's,1,34,0,0,3.7,2.0
52,Anna Cooper,0,25,Bachelor's,4,41,1,67000,3.8,3.0
53,Lucas Reed,1,26,Bachelor's,0,12,1,66000,3.9,3.0
54,Sophia Price,0,24,Bachelor's,2,27,1,65000,3.8,3.0
55,Mason Parker,1,23,Bachelor's,3,22,1,66000,3.7,2.0
56,Olivia Moore,0,25,Bachelor's,0,32,0,0,3.6,1.0
57,William Hernandez,1,24,Bachelor's,3,29,1,63000,3.7,2.0
58,Amelia Rivera,0,26,Bachelor's,0,36,1,62000,3.8,3.0
59,Ethan Turner,1,23,Bachelor's,1,20,1,60000,3.7,2.0
60,Isabella Perez,0,25,Bachelor's,4,23,1,61000,3.5,1.0
61,Daniel Martinez,1,24,Bachelor's,0,16,0,0,3.9,2.0
62,Mia Gonzalez,0,26,Bachelor's,2,24,1,65000,3.7,1.0
63,Alexander Rodriguez,1,23,Bachelor's,3,18,1,66000,3.8,3.0
64,Olivia Moore,0,25,Bachelor's,0,39,1,63000,3.6,1.0
65,Jack Bailey,1,26,Bachelor's,1,40,1,64000,3.9,2.0
66,Charlotte Ross,0,24,Bachelor's,4,20,0,0,3.4,1.0
67,Owen Brooks,1,23,Bachelor's,0,17,1,65000,3.7,2.0
68,Grace Watson,0,25,Bachelor's,2,38,1,66000,3.8,3.0
69,Liam Russell,1,26,Bachelor's,3,15,1,67000,3.9,3.0
70,Chloe Peterson,0,24,Bachelor's,0,30,1,68000,3.9,3.0
71,Elijah Kelly,1,23,Bachelor's,1,34,0,0,3.7,2.0
72,Anna Cooper,0,25,Bachelor's,4,41,1,67000,3.8,3.0
73,Lucas Reed,1,26,Bachelor's,0,12,1,66000,3.9,3.0
74,Sophia Price,0,24,Bachelor's,2,27,1,65000,3.8,3.0
75,Mason Parker,1,23,Bachelor's,3,22,1,66000,3.7,2.0
76,Olivia Moore,0,25,Bachelor's,0,32,0,0,3.6,1.0
77,William Hernandez,1,24,Bachelor's,3,29,1,63000,3.7,2.0
78,Amelia Rivera,0,26,Bachelor's,0,36,1,62000,3.8,3.0
79,Ethan Turner,1,23,Bachelor's,1,20,1,60000,3.7,2.0
80,Isabella Perez,0,25,Bachelor's,4,23,1,61000,3.5,1.0
81,Daniel Martinez,1,24,Bachelor's,0,16,0,0,3.9,2.0
82,Mia Gonzalez,0,26,Bachelor's,2,24,1,65000,3.7,1.0
83,Alexander Rodriguez,1,23,Bachelor's,3,18,1,66000,3.8,3.0
84,Olivia Moore,0,25,Bachelor's,0,39,1,63000,3.6,1.0
85,Jack Bailey,1,26,Bachelor's,1,40,1,64000,3.9,2.0
86,Charlotte Ross,0,24,Bachelor's,4,20,0,0,3.4,1.0
87,Owen Brooks,1,23,Bachelor's,0,17,1,65000,3.7,2.0
88,Grace Watson,0,25,Bachelor's,2,38,1,66000,3.8,3.0
89,Liam Russell,1,26,Bachelor's,3,15,1,67000,3.9,3.0
90,Chloe Peterson,0,24,Bachelor's,0,30,1,68000,3.9,3.0
91,Elijah Kelly,1,23,Bachelor's,1,34,0,0,3.7,2.0
92,Anna Cooper,0,25,Bachelor's,4,41,1,67000,3.8,3.0
93,Lucas Reed,1,26,Bachelor's,0,12,1,66000,3.9,3.0
94,Sophia Price,0,24,Bachelor's,2,27,1,65000,3.8,3.0
95,Mason Parker,1,23,Bachelor's,3,22,1,66000,3.7,2.0
96,Olivia Moore,0,25,Bachelor's,0,32,0,0,3.6,1.0
97,William Hernandez,1,24,Bachelor's,3,29,1,63000,3.7,2.0
98,Amelia Rivera,0,26,Bachelor's,0,36,1,62000,3.8,3.0
99,Ethan Turner,1,23,Bachelor's,1,20,1,60000,3.7,2.0
100,Isabella Perez,0,25,Bachelor's,4,23,1,61000,3.5,1.0
101,Daniel Martinez,1,24,Bachelor's,0,16,0,0,3.9,2.0
102,Mia Gonzalez,0,26,Bachelor's,2,24,1,65000,3.7,1.0
103,Alexander Rodriguez,1,23,Bachelor's,3,18,1,66000,3.8,3.0
104,Olivia Moore,0,25,Bachelor's,0,39,1,63000,3.6,1.0
105,Jack Bailey,1,26,Bachelor's,1,40,1,64000,3.9,2.0
106,Charlotte Ross,0,24,Bachelor's,4,20,0,0,3.4,1.0
107,Owen Brooks,1,23,Bachelor's,0,17,1,65000,3.7,2.0
108,Grace Watson,0,25,Bachelor's,2,38,1,66000,3.8,3.0
109,Liam Russell,1,26,Bachelor's,3,15,1,67000,3.9,3.0
110,Chloe Peterson,0,24,Bachelor's,0,30,1,68000,3.9,3.0
111,Elijah Kelly,1,23,Bachelor's,1,34,0,0,3.7,2.0
112,Anna Cooper,0,25,Bachelor's,4,41,1,67000,3.8,3.0
113,Lucas Reed,1,26,Bachelor's,0,12,1,66000,3.9,3.0
114,Sophia Price,0,24,Bachelor's,2,27,1,65000,3.8,3.0
115,Mason Parker,1,23,Bachelor's,3,22,1,66000,3.7,2.0
116,Olivia Moore,0,25,Bachelor's,0,32,0,0,3.6,1.0
117,William Hernandez,1,24,Bachelor's,3,29,1,63000,3.7,2.0
118,Amelia Rivera,0,26,Bachelor's,0,36,1,62000,3.8,3.0
119,Ethan Turner,1,23,Bachelor's,1,20,1,60000,3.7,2.0
120,Isabella Perez,0,25,Bachelor's,4,23,1,61000,3.5,1.0
121,Daniel Martinez,1,24,Bachelor's,0,16,0,0,3.9,2.0
122,Mia Gonzalez,0,26,Bachelor's,2,24,1,65000,3.7,1.0
123,Alexander Rodriguez,1,23,Bachelor's,3,18,1,66000,3.8,3.0
124,Olivia Moore,0,25,Bachelor's,0,39,1,63000,3.6,1.0
125,Jack Bailey,1,26,Bachelor's,1,40,1,64000,3.9,2.0
126,Charlotte Ross,0,24,Bachelor's,4,20,0,0,3.4,1.0
127,Owen Brooks,1,23,Bachelor's,0,17,1,65000,3.7,2.0
128,Grace Watson,0,25,Bachelor's,2,38,1,66000,3.8,3.0
129,Liam Russell,1,26,Bachelor's,3,15,1,67000,3.9,3.0
130,Chloe Peterson,0,24,Bachelor's,0,30,1,68000,3.9,3.0
131,Elijah Kelly,1,23,Bachelor's,1,34,0,0,3.7,2.0
132,Anna Cooper,0,25,Bachelor's,4,41,1,67000,3.8,3.0
133,Lucas Reed,1,26,Bachelor's,0,12,1,66000,3.9,3.0
134,Sophia Price,0,24,Bachelor's,2,27,1,65000,3.8,3.0
135,Mason Parker,1,23,Bachelor's,3,22,1,66000,3.7,2.0
136,Olivia Moore,0,25,Bachelor's,0,32,0,0,3.6,1.0
137,William Hernandez,1,24,Bachelor's,3,29,1,63000,3.7,2.0
138,Amelia Rivera,0,26,Bachelor's,0,36,1,62000,3.8,3.0
139,Ethan Turner,1,23,Bachelor's,1,20,1,60000,3.7,2.0
140,Isabella Perez,0,25,Bachelor's,4,23,1,61000,3.5,1.0
141,Daniel Martinez,1,24,Bachelor's,0,16,0,0,3.9,2.0
142,Mia Gonzalez,0,26,Bachelor's,2,24,1,65000,3.7,1.0
143,Alexander Rodriguez,1,23,Bachelor's,3,18,1,66000,3.8,3.0
144,Olivia Moore,0,25,Bachelor's,0,39,1,63000,3.6,1.0
145,Jack Bailey,1,26,Bachelor's,1,40,1,64000,3.9,2.0
146,Charlotte Ross,0,24,Bachelor's,4,20,0,0,3.4,1.0
147,Owen Brooks,1,23,Bachelor's,0,17,1,65000,3.7,2.0
148,Grace Watson,0,25,Bachelor's,2,38,1,66000,3.8,3.0
149,Liam Russell,1,26,Bachelor's,3,15,1,67000,3.9,3.0
150,Chloe Peterson,0,24,Bachelor's,0,30,1,68000,3.9,3.0
151,Elijah Kelly,1,23,Bachelor's,1,34,0,0,3.7,2.0
152,Anna Cooper,0,25,Bachelor's,4,41,1,67000,3.8,3.0
153,Lucas Reed,1,26,Bachelor's,0,12,1,66000,3.9,3.0
154,Sophia Price,0,24,Bachelor's,2,27,1,65000,3.8,3.0
155,Mason Parker,1,23,Bachelor's,3,22,1,66000,3.7,2.0
156,Olivia Moore,0,25,Bachelor's,0,32,0,0,3.6,1.0
157,William Hernandez,1,24,Bachelor's,3,29,1,63000,3.7,2.0
158,Amelia Rivera,0,26,Bachelor's,0,36,1,62000,3.8,3.0
159,Ethan Turner,1,23,Bachelor's,1,20,1,60000,3.7,2.0
160,Isabella Perez,0,25,Bachelor's,4,23,1,61000,3.5,1.0
161,Daniel Martinez,1,24,Bachelor's,0,16,0,0,3.9,2.0
162,Mia Gonzalez,0,26,Bachelor's,2,24,1,65000,3.7,1.0
163,Alexander Rodriguez,1,23,Bachelor's,3,18,1,66000,3.8,3.0
164,Olivia Moore,0,25,Bachelor's,0,39,1,63000,3.6,1.0
165,Jack Bailey,1,26,Bachelor's,1,40,1,64000,3.9,2.0
166,Charlotte Ross,0,24,Bachelor's,4,20,0,0,3.4,1.0
167,Owen Brooks,1,23,Bachelor's,0,17,1,65000,3.7,2.0
168,Grace Watson,0,25,Bachelor's,2,38,1,66000,3.8,3.0
169,Liam Russell,1,26,Bachelor's,3,15,1,67000,3.9,3.0
170,Chloe Peterson,0,24,Bachelor's,0,30,1,68000,3.9,3.0
171,Elijah Kelly,1,23,Bachelor's,1,34,0,0,3.7,2.0
172,Anna Cooper,0,25,Bachelor's,4,41,1,67000,3.8,3.0
173,Lucas Reed,1,26,Bachelor's,0,12,1,66000,3.9,3.0
174,Sophia Price,0,24,Bachelor's,2,27,1,65000,3.8,3.0
175,Mason Parker,1,23,Bachelor's,3,22,1,66000,3.7,2.0
176,Olivia Moore,0,25,Bachelor's,0,32,0,0,3.6,1.0
177,William Hernandez,1,24,Bachelor's,3,29,1,63000,3.7,2.0
178,Amelia Rivera,0,26,Bachelor's,0,36,1,62000,3.8,3.0
179,Ethan Turner,1,23,Bachelor's,1,20,1,60000,3.7,2.0
180,Isabella Perez,0,25,Bachelor's,4,23,1,61000,3.5,1.0
181,Daniel Martinez,1,24,Bachelor's,0,16,0,0,3.9,2.0
182,Mia Gonzalez,0,26,Bachelor's,2,24,1,65000,3.7,1.0
183,Alexander Rodriguez,1,23,Bachelor's,3,18,1,66000,3.8,3.0
184,Olivia Moore,0,25,Bachelor's,0,39,1,63000,3.6,1.0
185,Jack Bailey,1,26,Bachelor's,1,40,1,64000,3.9,2.0
186,Charlotte Ross,0,24,Bachelor's,4,20,0,0,3.4,1.0
187,Owen Brooks,1,23,Bachelor's,0,17,1,65000,3.7,2.0
188,Grace Watson,0,25,Bachelor's,2,38,1,66000,3.8,3.0
189,Emma Brown,0,23,Bachelor's,3,29,1,61000,3.7,2.0
190,Noah Garcia,1,24,Bachelor's,0,30,1,64000,3.8,3.0
191,Sophia Martinez,0,25,Bachelor's,1,15,1,66000,3.9,3.0
192,Liam Rodriguez,1,26,Bachelor's,4,40,1,67000,3.9,3.0
193,Olivia Smith,0,24,Bachelor's,2,38,1,68000,3.9,3.0
194,Ethan Johnson,1,23,Bachelor's,0,34,0,0,3.7,2.0
195,Ava Williams,0,25,Bachelor's,3,41,1,67000,3.8,3.0
196,Liam Brown,1,26,Bachelor's,1,12,1,66000,3.9,3.0
197,Amelia Smith,0,24,Bachelor's,4,27,1,65000,3.8,3.0
198,William Garcia,1,23,Bachelor's,2,22,1,66000,3.7,2.0
199,Olivia Brown,0,25,Bachelor's,0,32,0,0,3.6,1.0
200,Elijah Garcia,1,24,Bachelor's,3,29,1,63000,3.7,2.0
201,Emma Brown,0,23,Bachelor's,0,30,1,64000,3.8,3.0
202,Noah Garcia,1,24,Bachelor's,1,15,1,66000,3.9,3.0
203,Sophia Martinez,0,25,Bachelor's,4,40,1,67000,3.9,3.0
204,Liam Rodriguez,1,26,Bachelor's,2,38,1,68000,3.9,3.0
205,Olivia Smith,0,24,Bachelor's,0,34,0,0,3.7,2.0
206,Ethan Johnson,1,23,Bachelor's,3,41,1,67000,3.8,3.0
207,Ava Williams,0,25,Bachelor's,1,12,1,66000,3.9,3.0
208,Liam Brown,1,26,Bachelor's,4,27,1,65000,3.8,3.0
209,Amelia Smith,0,24,Bachelor's,2,22,1,66000,3.7,2.0
210,William Garcia,1,23,Bachelor's,0,32,0,0,3.6,1.0
211,Olivia Brown,0,25,Bachelor's,3,29,1,63000,3.7,2.0
212,Elijah Garcia,1,24,Bachelor's,1,30,1,64000,3.8,3.0
213,Emma Brown,0,23,Bachelor's,4,15,1,66000,3.9,3.0
214,Noah Garcia,1,24,Bachelor's,2,40,1,67000,3.9,3.0
215,Sophia Martinez,0,25,Bachelor's,0,38,1,68000,3.9,3.0
216,Liam Rodriguez,1,26,Bachelor's,3,34,0,0,3.7,2.0
217,Olivia Smith,0,24,Bachelor's,1,41,1,67000,3.8,3.0
218,Ethan Johnson,1,23,Bachelor's,4,12,1,66000,3.9,3.0
219,Ava Williams,0,25,Bachelor's,2,27,1,65000,3.8,3.0
220,Liam Brown,1,26,Bachelor's,0,22,1,66000,3.7,2.0
221,Amelia Smith,0,24,Bachelor's,3,32,0,0,3.6,1.0
222,William Garcia,1,23,Bachelor's,1,29,1,63000,3.7,2.0
223,Olivia Brown,0,25,Bachelor's,4,30,1,64000,3.8,3.0
224,Elijah Garcia,1,24,Bachelor's,2,15,1,66000,3.9,3.0
225,Emma Brown,0,23,Bachelor's,0,40,1,67000,3.9,3.0
226,Noah Garcia,1,24,Bachelor's,3,38,1,68000,3.9,3.0
227,Sophia Martinez,0,25,Bachelor's,1,34,0,0,3.7,2.0
228,Liam Rodriguez,1,26,Bachelor's,4,41,1,67000,3.8,3.0
229,Olivia Smith,0,24,Bachelor's,2,12,1,66000,3.9,3.0
230,Ethan Johnson,1,23,Bachelor's,0,27,1,65000,3.8,3.0
231,Ava Williams,0,25,Bachelor's,3,22,1,66000,3.7,2.0
232,Liam Brown,1,26,Bachelor's,1,32,0,0,3.6,1.0
233,Amelia Smith,0,24,Bachelor's,4,29,1,63000,3.7,2.0
234,William Garcia,1,23,Bachelor's,2,30,1,64000,3.8,3.0
235,Olivia Brown,0,25,Bachelor's,0,15,1,66000,3.9,3.0
236,Elijah Garcia,1,24,Bachelor's,3,40,1,67000,3.9,3.0
237,Emma Brown,0,23,Bachelor's,1,38,1,68000,3.9,3.0
238,Noah Garcia,1,24,Bachelor's,4,34,0,0,3.7,2.0
239,Sophia Martinez,0,25,Bachelor's,2,41,1,67000,3.8,3.0
240,Liam Rodriguez,1,26,Bachelor's,0,12,1,66000,3.9,3.0
241,Olivia Smith,0,24,Bachelor's,3,27,1,65000,3.8,3.0
242,Ethan Johnson,1,23,Bachelor's,1,22,1,66000,3.7,2.0
243,Ava Williams,0,25,Bachelor's,4,32,0,0,3.6,1.0
244,Liam Brown,1,26,Bachelor's,2,29,1,63000,3.7,2.0
245,Amelia Smith,0,24,Bachelor's,0,30,1,64000,3.8,3.0
246,William Garcia,1,23,Bachelor's,3,15,1,66000,3.9,3.0
247,Olivia Brown,0,25,Bachelor's,1,40,1,67000,3.9,3.0
248,Elijah Garcia,1,24,Bachelor's,4,38,1,68000,3.9,3.0
249,Emma Brown,0,23,Bachelor's,2,34,0,0,3.7,2.0
250,Noah Garcia,1,24,Bachelor's,0,41,1,67000,3.8,3.0
251,Sophia Martinez,0,25,Bachelor's,3,12,1,66000,3.9,3.0
252,Liam Rodriguez,1,26,Bachelor's,1,27,1,65000,3.8,3.0
253,Olivia Smith,0,24,Bachelor's,4,22,1,66000,3.7,2.0
254,Ethan Johnson,1,23,Bachelor's,2,32,0,0,3.6,1.0
255,Ava Williams,0,25,Bachelor's,0,29,1,63000,3.7,2.0
256,Liam Brown,1,26,Bachelor's,3,30,1,64000,3.8,3.0
257,Amelia Smith,0,24,Bachelor's,1,15,1,66000,3.9,3.0
258,William Garcia,1,23,Bachelor's,4,40,1,67000,3.9,3.0
259,Olivia Brown,0,25,Bachelor's,2,38,1,68000,3.9,3.0
260,Elijah Garcia,1,24,Bachelor's,0,34,0,0,3.7,2.0
261,Emma Brown,0,23,Bachelor's,3,41,1,67000,3.8,3.0
262,Noah Garcia,1,24,Bachelor's,1,12,1,66000,3.9,3.0
263,Sophia Martinez,0,25,Bachelor's,4,27,1,65000,3.8,3.0
264,Liam Rodriguez,1,26,Bachelor's,2,22,1,66000,3.7,2.0
265,Olivia Smith,0,24,Bachelor's,0,32,0,0,3.6,1.0
266,Ethan Johnson,1,23,Bachelor's,3,29,1,63000,3.7,2.0
267,Ava Williams,0,25,Bachelor's,1,30,1,64000,3.8,3.0
268,Liam Brown,1,26,Bachelor's,4,15,1,66000,3.9,3.0
269,Amelia Smith,0,24,Bachelor's,2,40,1,67000,3.9,3.0
270,William Garcia,1,23,Bachelor's,0,38,1,68000,3.9,3.0
271,Olivia Brown,0,25,Bachelor's,3,34,0,0,3.7,2.0
272,Elijah Garcia,1,24,Bachelor's,1,41,1,67000,3.8,3.0
273,Emma Brown,0,23,Bachelor's,4,12,1,66000,3.9,3.0
274,Noah Garcia,1,24,Bachelor's,2,27,1,65000,3.8,3.0
275,Sophia Martinez,0,25,Bachelor's,0,22,1,66000,3.7,2.0
276,Liam Rodriguez,1,24,Bachelor's,0,17,1,64000,3.6,2.0
277,Emily Watson,0,25,Bachelor's,1,38,1,65000,3.7,2.0
278,Nathan Garcia,1,23,Bachelor's,3,15,1,67000,3.8,3.0
279,Sophia Hernandez,0,26,Bachelor's,4,30,1,68000,3.9,3.0
280,Oliver Martinez,1,24,Bachelor's,0,34,0,0,3.7,2.0
281,Amelia Lee,0,25,Bachelor's,2,41,1,67000,3.8,3.0
282,Ethan Johnson,1,23,Bachelor's,3,12,1,66000,3.9,3.0
283,Isabella Smith,0,26,Bachelor's,4,27,1,65000,3.8,3.0
284,Aiden Brown,1,24,Bachelor's,0,22,1,66000,3.7,2.0
285,Sophia Jones,0,25,Bachelor's,1,32,0,0,3.6,1.0
286,Lucas Taylor,1,23,Bachelor's,3,29,1,63000,3.7,2.0
287,Emma Martinez,0,26,Bachelor's,4,36,1,62000,3.8,3.0
288,Aiden Davis,1,24,Bachelor's,0,20,1,60000,3.7,2.0
289,Mia Wilson,0,23,Bachelor's,2,23,1,61000,3.5,1.0
290,Jack Garcia,1,26,Bachelor's,3,16,0,0,3.9,2.0
291,Emma Lopez,0,24,Bachelor's,4,24,1,65000,3.7,1.0
292,Oliver Rodriguez,1,23,Bachelor's,0,18,1,66000,3.8,3.0
293,Chloe Hernandez,0,26,Bachelor's,1,39,1,63000,3.6,1.0
294,Ava Lee,0,24,Bachelor's,3,40,1,64000,3.9,2.0
295,Liam Perez,1,25,Bachelor's,0,15,1,67000,3.9,3.0
296,Isabella Martinez,0,23,Bachelor's,2,30,1,68000,3.9,3.0
297,Alexander Lee,1,26,Bachelor's,3,34,0,0,3.7,2.0
298,Sophia Johnson,0,24,Bachelor's,4,41,1,67000,3.8,3.0
299,Lucas Taylor,1,23,Bachelor's,0,12,1,66000,3.9,3.0
300,Emma Martinez,0,26,Bachelor's,2,27,1,65000,3.8,3.0
301,Aiden Davis,1,24,Bachelor's,0,22,1,66000,3.7,2.0
302,Mia Wilson,0,23,Bachelor's,1,32,0,0,3.6,1.0
303,Jack Garcia,1,26,Bachelor's,3,29,1,63000,3.7,2.0
304,Emma Lopez,0,24,Bachelor's,4,36,1,62000,3.8,3.0
305,Oliver Rodriguez,1,23,Bachelor's,0,20,1,60000,3.7,2.0
306,Chloe Hernandez,0,26,Bachelor's,1,23,1,61000,3.5,1.0
307,Ava Lee,0,24,Bachelor's,3,16,0,0,3.9,2.0
308,Liam Perez,1,25,Bachelor's,0,24,1,65000,3.7,1.0
309,Isabella Martinez,0,23,Bachelor's,2,18,1,66000,3.8,3.0
310,Alexander Lee,1,26,Bachelor's,3,39,1,63000,3.6,1.0
311,Sophia Johnson,0,24,Bachelor's,4,40,1,64000,3.9,2.0
312,Lucas Taylor,1,23,Bachelor's,0,15,1,67000,3.9,3.0
313,Emma Martinez,0,26,Bachelor's,2,30,1,68000,3.9,3.0
314,Aiden Davis,1,24,Bachelor's,0,34,0,0,3.7,2.0
315,Mia Wilson,0,23,Bachelor's,1,41,1,67000,3.8,3.0
316,Jack Garcia,1,26,Bachelor's,3,12,1,66000,3.9,3.0
317,Emma Lopez,0,24,Bachelor's,4,27,1,65000,3.8,3.0
318,Oliver Rodriguez,1,23,Bachelor's,0,22,1,66000,3.7,2.0
319,Chloe Hernandez,0,26,Bachelor's,1,32,0,0,3.6,1.0
320,Ava Lee,0,24,Bachelor's,3,29,1,63000,3.7,2.0
321,Liam Perez,1,25,Bachelor's,0,36,1,62000,3.8,3.0
322,Isabella Martinez,0,23,Bachelor's,2,20,1,60000,3.7,2.0
323,Alexander Lee,1,26,Bachelor's,3,23,1,61000,3.5,1.0
324,Sophia Johnson,0,24,Bachelor's,4,16,0,0,3.9,2.0
325,Lucas Taylor,1,23,Bachelor's,0,24,1,65000,3.7,1.0
326,Emma Martinez,0,26,Bachelor's,2,18,1,66000,3.8,3.0
327,Aiden Davis,1,24,Bachelor's,0,39,1,63000,3.6,1.0
328,Mia Wilson,0,23,Bachelor's,1,40,1,64000,3.9,2.0
329,Jack Garcia,1,26,Bachelor's,3,30,1,67000,3.9,3.0
330,Emma Lopez,0,24,Bachelor's,4,34,0,0,3.7,2.0
331,Oliver Rodriguez,1,23,Bachelor's,0,41,1,67000,3.8,3.0
332,Chloe Hernandez,0,26,Bachelor's,1,15,1,66000,3.9,3.0
333,Ava Lee,0,24,Bachelor's,3,12,1,65000,3.9,3.0
334,Liam Perez,1,25,Bachelor's,0,27,1,65000,3.8,3.0
335,Isabella Martinez,0,23,Bachelor's,2,22,1,66000,3.7,2.0
336,Alexander Lee,1,26,Bachelor's,3,32,0,0,3.6,1.0
337,Sophia Johnson,0,24,Bachelor's,4,29,1,63000,3.7,2.0
338,Lucas Taylor,1,23,Bachelor's,0,36,1,62000,3.8,3.0
339,Emma Martinez,0,26,Bachelor's,2,20,1,60000,3.7,2.0
340,Aiden Davis,1,24,Bachelor's,0,23,1,61000,3.5,1.0
341,Mia Wilson,0,23,Bachelor's,1,16,0,0,3.9,2.0
342,Jack Garcia,1,26,Bachelor's,3,24,1,65000,3.7,1.0
343,Emma Lopez,0,24,Bachelor's,4,18,1,66000,3.8,3.0
344,Oliver Rodriguez,1,23,Bachelor's,0,39,1,63000,3.6,1.0
345,Chloe Hernandez,0,26,Bachelor's,1,40,1,64000,3.9,2.0
346,Ava Lee,0,24,Bachelor's,3,30,1,67000,3.9,3.0
347,Liam Perez,1,25,Bachelor's,0,34,0,0,3.7,2.0
348,Isabella Martinez,0,23,Bachelor's,2,41,1,67000,3.8,3.0
349,Alexander Lee,1,26,Bachelor's,3,12,1,66000,3.9,3.0
350,Sophia Johnson,0,24,Bachelor's,4,27,1,65000,3.8,3.0
351,Lucas Taylor,1,23,Bachelor's,0,22,1,66000,3.7,2.0
352,Emma Martinez,0,26,Bachelor's,2,32,0,0,3.6,1.0
353,Aiden Davis,1,24,Bachelor's,0,29,1,63000,3.7,2.0
354,Mia Wilson,0,23,Bachelor's,1,36,1,62000,3.8,3.0
355,Jack Garcia,1,26,Bachelor's,3,20,1,60000,3.7,2.0
356,Emma Lopez,0,24,Bachelor's,4,23,1,61000,3.5,1.0
357,Oliver Rodriguez,1,23,Bachelor's,0,16,0,0,3.9,2.0
358,Chloe Hernandez,0,26,Bachelor's,1,24,1,65000,3.7,1.0
359,Ava Lee,0,24,Bachelor's,3,18,1,66000,3.8,3.0
360,Liam Perez,1,25,Bachelor's,0,39,1,63000,3.6,1.0
361,Isabella Martinez,0,23,Bachelor's,2,40,1,64000,3.9,2.0
362,Alexander Lee,1,26,Bachelor's,3,30,1,67000,3.9,3.0
363,Sophia Johnson,0,24,Bachelor's,4,34,0,0,3.7,2.0
364,Lucas Taylor,1,23,Bachelor's,0,41,1,67000,3.8,3.0
365,Emma Martinez,0,26,Bachelor's,2,12,1,66000,3.9,3.0
366,Aiden Davis,1,24,Bachelor's,0,27,1,65000,3.8,3.0
367,Mia Wilson,0,23,Bachelor's,1,22,1,66000,3.7,2.0
368,Jack Garcia,1,26,Bachelor's,3,32,0,0,3.6,1.0
369,Emma Lopez,0,24,Bachelor's,4,29,1,63000,3.7,2.0
370,Oliver Rodriguez,1,23,Bachelor's,0,36,1,62000,3.8,3.0
371,Chloe Hernandez,0,26,Bachelor's,1,20,1,60000,3.7,2.0
372,Ava Lee,0,24,Bachelor's,3,23,1,61000,3.5,1.0
373,Liam Perez,1,25,Bachelor's,0,16,0,0,3.9,2.0
374,Isabella Martinez,0,23,Bachelor's,2,24,1,65000,3.7,1.0
375,Alexander Lee,1,26,Bachelor's,3,18,1,66000,3.8,3.0
376,Sophia Johnson,0,24,Bachelor's,4,39,1,63000,3.6,1.0
377,Lucas Taylor,1,23,Bachelor's,0,30,1,64000,3.9,2.0
378,Emma Martinez,0,26,Bachelor's,2,40,1,67000,3.9,3.0
379,Aiden Davis,1,24,Bachelor's,0,15,1,67000,3.8,3.0
380,Mia Wilson,0,23,Bachelor's,1,12,1,66000,3.7,2.0
381,Jack Garcia,1,26,Bachelor's,3,27,1,65000,3.8,3.0
382,Emma Lopez,0,24,Bachelor's,4,22,1,66000,3.7,2.0
383,Oliver Rodriguez,1,23,Bachelor's,0,32,0,0,3.6,1.0
384,Chloe Hernandez,0,26,Bachelor's,1,29,1,63000,3.7,2.0
385,Ava Lee,0,24,Bachelor's,3,36,1,62000,3.8,3.0
386,Liam Perez,1,25,Bachelor's,0,20,1,60000,3.7,2.0
387,Isabella Martinez,0,23,Bachelor's,2,23,1,61000,3.5,1.0
388,Alexander Lee,1,26,Bachelor's,3,16,0,0,3.9,2.0
389,Sophia Johnson,0,24,Bachelor's,4,24,1,65000,3.7,1.0
390,Lucas Taylor,1,23,Bachelor's,0,18,1,66000,3.8,3.0
391,Emma Martinez,0,26,Bachelor's,2,39,1,63000,3.6,1.0
392,Aiden Davis,1,24,Bachelor's,0,40,1,64000,3.9,2.0
393,Mia Wilson,0,23,Bachelor's,1,30,1,67000,3.9,3.0
394,Jack Garcia,1,26,Bachelor's,3,34,0,0,3.7,2.0
395,Emma Lopez,0,24,Bachelor's,4,41,1,67000,3.8,3.0
396,Oliver Rodriguez,1,23,Bachelor's,0,12,1,66000,3.9,3.0
397,Chloe Hernandez,0,26,Bachelor's,1,27,1,65000,3.8,3.0
398,Ava Lee,0,24,Bachelor's,3,22,1,66000,3.7,2.0
399,Liam Perez,1,25,Bachelor's,0,32,0,0,3.6,1.0
400,Isabella Martinez,0,23,Bachelor's,2,29,1,63000,3.7,2.0
401,Alexander Lee,1,26,Bachelor's,3,36,1,62000,3.8,3.0
402,Sophia Johnson,0,24,Bachelor's,4,20,1,60000,3.7,2.0
403,Lucas Taylor,1,23,Bachelor's,0,23,1,61000,3.5,1.0
404,Emma Martinez,0,26,Bachelor's,1,16,0,0,3.9,2.0
405,Aiden Davis,1,24,Bachelor's,0,24,1,65000,3.7,1.0
406,Mia Wilson,0,23,Bachelor's,2,18,1,66000,3.8,3.0
407,Jack Garcia,1,26,Bachelor's,3,39,1,63000,3.6,1.0
408,Emma Lopez,0,24,Bachelor's,4,40,1,64000,3.9,2.0
409,Oliver Rodriguez,1,23,Bachelor's,0,30,1,67000,3.9,3.0
410,Chloe Hernandez,0,26,Bachelor's,1,34,0,0,3.7,2.0
411,Ava Lee,0,24,Bachelor's,3,41,1,67000,3.8,3.0
412,Liam Perez,1,25,Bachelor's,0,12,1,66000,3.9,3.0
413,Isabella Martinez,0,23,Bachelor's,2,27,1,65000,3.8,3.0
414,Alexander Lee,1,26,Bachelor's,3,22,1,66000,3.7,2.0
415,Sophia Johnson,0,24,Bachelor's,4,32,0,0,3.6,1.0
416,Lucas Taylor,1,23,Bachelor's,0,29,1,63000,3.7,2.0
417,Emma Martinez,0,26,Bachelor's,2,36,1,62000,3.8,3.0
418,Aiden Davis,1,24,Bachelor's,0,20,1,60000,3.7,2.0
419,Mia Wilson,0,23,Bachelor's,1,23,1,61000,3.5,1.0
420,Jack Garcia,1,26,Bachelor's,3,16,0,0,3.9,2.0
421,Emma Lopez,0,24,Bachelor's,4,24,1,65000,3.7,1.0
422,Oliver Rodriguez,1,23,Bachelor's,0,18,1,66000,3.8,3.0
423,Chloe Hernandez,0,26,Bachelor's,1,39,1,63000,3.6,1.0
424,Ava Lee,0,24,Bachelor's,3,40,1,64000,3.9,2.0
425,Liam Perez,1,25,Bachelor's,0,30,1,67000,3.9,3.0
426,Isabella Martinez,0,23,Bachelor's,2,34,0,0,3.7,2.0
427,Alexander Lee,1,26,Bachelor's,3,41,1,67000,3.8,3.0
428,Sophia Johnson,0,24,Bachelor's,4,12,1,66000,3.9,3.0
429,Lucas Taylor,1,23,Bachelor's,0,27,1,65000,3.8,3.0
430,Emma Martinez,0,26,Bachelor's,2,22,1,66000,3.7,2.0
431,Aiden Davis,1,24,Bachelor's,0,32,0,0,3.6,1.0
432,Mia Wilson,0,23,Bachelor's,1,29,1,63000,3.7,2.0
433,Jack Garcia,1,26,Bachelor's,3,36,1,62000,3.8,3.0
434,Emma Lopez,0,24,Bachelor's,4,20,1,60000,3.7,2.0
435,Oliver Rodriguez,1,23,Bachelor's,0,23,1,61000,3.5,1.0
436,Chloe Hernandez,0,26,Bachelor's,1,16,0,0,3.9,2.0
437,Ava Lee,0,24,Bachelor's,3,24,1,65000,3.7,1.0
438,Liam Perez,1,25,Bachelor's,0,18,1,66000,3.8,3.0
439,Isabella Martinez,0,23,Bachelor's,2,39,1,63000,3.6,1.0
440,Alexander Lee,1,26,Bachelor's,3,40,1,64000,3.9,2.0
441,Sophia Johnson,0,24,Bachelor's,4,30,1,67000,3.9,3.0
442,Lucas Taylor,1,23,Bachelor's,0,34,0,0,3.7,2.0
443,Emma Martinez,0,26,Bachelor's,2,41,1,67000,3.8,3.0
444,Aiden Davis,1,24,Bachelor's,0,12,1,66000,3.9,3.0
445,Mia Wilson,0,23,Bachelor's,1,27,1,65000,3.8,3.0
446,Jack Garcia,1,26,Bachelor's,3,22,1,66000,3.7,2.0
447,Emma Lopez,0,24,Bachelor's,4,32,0,0,3.6,1.0
448,Oliver Rodriguez,1,23,Bachelor's,0,29,1,63000,3.7,2.0
449,Chloe Hernandez,0,26,Bachelor's,1,36,1,62000,3.8,3.0
450,Ava Lee,0,24,Bachelor's,3,20,1,60000,3.7,2.0
451,Liam Perez,1,25,Bachelor's,0,23,1,61000,3.5,1.0
452,Isabella Martinez,0,23,Bachelor's,2,16,0,0,3.9,2.0
453,Alexander Lee,1,26,Bachelor's,3,24,1,65000,3.7,1.0
454,Sophia Johnson,0,24,Bachelor's,4,18,1,66000,3.8,3.0
455,Lucas Taylor,1,23,Bachelor's,0,39,1,63000,3.6,1.0
456,Emma Martinez,0,26,Bachelor's,2,40,1,64000,3.9,2.0
457,Aiden Davis,1,24,Bachelor's,0,30,1,67000,3.9,3.0
458,Mia Wilson,0,23,Bachelor's,1,34,0,0,3.7,2.0
459,Jack Garcia,1,26,Bachelor's,3,41,1,67000,3.8,3.0
460,Emma Lopez,0,24,Bachelor's,4,12,1,66000,3.9,3.0
461,Oliver Rodriguez,1,23,Bachelor's,0,27,1,65000,3.8,3.0
462,Chloe Hernandez,0,26,Bachelor's,1,22,1,66000,3.7,2.0
463,Ava Lee,0,24,Bachelor's,3,32,0,0,3.6,1.0
464,Liam Perez,1,25,Bachelor's,0,29,1,63000,3.7,2.0
465,Isabella Martinez,0,23,Bachelor's,2,36,1,62000,3.8,3.0
466,Alexander Lee,1,26,Bachelor's,3,20,1,60000,3.7,2.0
467,Sophia Johnson,0,24,Bachelor's,4,23,1,61000,3.5,1.0
468,Lucas Taylor,1,23,Bachelor's,0,16,0,0,3.9,2.0
469,Emma Martinez,0,26,Bachelor's,2,24,1,65000,3.7,1.0
470,Aiden Davis,1,24,Bachelor's,0,18,1,66000,3.8,3.0
471,Mia Wilson,0,23,Bachelor's,1,39,1,63000,3.6,1.0
472,Jack Garcia,1,26,Bachelor's,3,40,1,64000,3.9,2.0
473,Emma Lopez,0,24,Bachelor's,4,30,1,67000,3.9,3.0
474,Oliver Rodriguez,1,23,Bachelor's,0,34,0,0,3.7,2.0
475,Chloe Hernandez,0,26,Bachelor's,1,41,1,67000,3.8,3.0
476,Ava Lee,0,24,Bachelor's,3,12,1,66000,3.9,3.0
477,Liam Perez,1,25,Bachelor's,0,27,1,65000,3.8,3.0
478,Isabella Martinez,0,23,Bachelor's,2,22,1,66000,3.7,2.0
479,Alexander Lee,1,26,Bachelor's,3,32,0,0,3.6,1.0
480,Sophia Johnson,0,24,Bachelor's,4,29,1,63000,3.7,2.0
481,Lucas Taylor,1,23,Bachelor's,0,36,1,62000,3.8,3.0
482,Emma Martinez,0,26,Bachelor's,2,20,1,60000,3.7,2.0
483,Aiden Davis,1,24,Bachelor's,0,23,1,61000,3.5,1.0
484,Mia Wilson,0,23,Bachelor's,1,16,0,0,3.9,2.0
485,Jack Garcia,1,26,Bachelor's,3,24,1,65000,3.7,1.0
486,Emma Lopez,0,24,Bachelor's,4,18,1,66000,3.8,3.0
487,Oliver Rodriguez,1,23,Bachelor's,0,39,1,63000,3.6,1.0
488,Chloe Hernandez,0,26,Bachelor's,1,40,1,64000,3.9,2.0
489,Ava Lee,0,24,Bachelor's,3,30,1,67000,3.9,3.0
490,Liam Perez,1,25,Bachelor's,0,34,0,0,3.7,2.0
491,Isabella Martinez,0,23,Bachelor's,2,41,1,67000,3.8,3.0
492,Alexander Lee,1,26,Bachelor's,3,12,1,66000,3.9,3.0
493,Sophia Johnson,0,24,Bachelor's,4,27,1,65000,3.8,3.0
494,Lucas Taylor,1,23,Bachelor's,0,22,1,66000,3.7,2.0
495,Emma Martinez,0,26,Bachelor's,2,32,0,0,3.6,1.0
496,Aiden Davis,1,24,Bachelor's,0,29,1,63000,3.7,2.0
497,Mia Wilson,0,23,Bachelor's,1,36,1,62000,3.8,3.0
498,Jack Garcia,1,26,Bachelor's,3,20,1,60000,3.7,2.0
499,Emma Lopez,0,24,Bachelor's,4,23,1,61000,3.5,1.0
500,Oliver Rodriguez,1,23,Bachelor's,0,16,0,0,3.9,2.0
501,Chloe Hernandez,0,26,Bachelor's,1,24,1,65000,3.7,1.0
502,Ava Lee,0,24,Bachelor's,3,18,1,66000,3.8,3.0
503,Liam Perez,1,25,Bachelor's,0,39,1,63000,3.6,1.0
504,Isabella Martinez,0,23,Bachelor's,2,40,1,64000,3.9,2.0
505,Alexander Lee,1,26,Bachelor's,3,30,1,67000,3.9,3.0
506,Sophia Johnson,0,24,Bachelor's,4,34,0,0,3.7,2.0
507,Lucas Taylor,1,23,Bachelor's,0,41,1,67000,3.8,3.0
508,Emma Martinez,0,26,Bachelor's,2,12,1,66000,3.9,3.0
509,Aiden Davis,1,24,Bachelor's,0,27,1,65000,3.8,3.0
510,Mia Wilson,0,23,Bachelor's,1,22,1,66000,3.7,2.0
511,Jack Garcia,1,26,Bachelor's,3,32,0,0,3.6,1.0
512,Emma Lopez,0,24,Bachelor's,4,29,1,63000,3.7,2.0
513,Oliver Rodriguez,1,23,Bachelor's,0,36,1,62000,3.8,3.0
514,Chloe Hernandez,0,26,Bachelor's,1,20,1,60000,3.7,2.0
515,Ava Lee,0,24,Bachelor's,3,23,1,61000,3.5,1.0
516,Liam Perez,1,25,Bachelor's,0,16,0,0,3.9,2.0
517,Isabella Martinez,0,23,Bachelor's,2,24,1,65000,3.7,1.0
518,Alexander Lee,1,26,Bachelor's,3,18,1,66000,3.8,3.0
519,Sophia Johnson,0,24,Bachelor's,4,39,1,63000,3.6,1.0
520,Lucas Taylor,1,23,Bachelor's,0,30,1,64000,3.9,2.0
521,Emma Martinez,0,26,Bachelor's,2,40,1,67000,3.9,3.0
522,Aiden Davis,1,24,Bachelor's,0,15,1,67000,3.8,3.0
523,Mia Wilson,0,23,Bachelor's,1,12,1,66000,3.7,2.0
524,Jack Garcia,1,26,Bachelor's,3,27,1,65000,3.8,3.0
525,Emma Lopez,0,24,Bachelor's,4,22,1,66000,3.7,2.0
526,Oliver Rodriguez,1,23,Bachelor's,0,32,0,0,3.6,1.0
527,Chloe Hernandez,0,26,Bachelor's,1,29,1,63000,3.7,2.0
528,Ava Lee,0,24,Bachelor's,3,36,1,62000,3.8,3.0
529,Liam Perez,1,25,Bachelor's,0,20,1,60000,3.7,2.0
530,Isabella Martinez,0,23,Bachelor's,2,23,1,61000,3.5,1.0
531,Alexander Lee,1,26,Bachelor's,3,16,0,0,3.9,2.0
532,Sophia Johnson,0,24,Bachelor's,4,24,1,65000,3.7,1.0
533,Lucas Taylor,1,23,Bachelor's,0,18,1,66000,3.8,3.0
534,Emma Martinez,0,26,Bachelor's,2,39,1,63000,3.6,1.0
535,Aiden Davis,1,24,Bachelor's,0,40,1,64000,3.9,2.0
536,Mia Wilson,0,23,Bachelor's,1,30,1,67000,3.9,3.0
537,Jack Garcia,1,26,Bachelor's,3,34,0,0,3.7,2.0
538,Emma Lopez,0,24,Bachelor's,4,41,1,67000,3.8,3.0
539,Oliver Rodriguez,1,23,Bachelor's,0,12,1,66000,3.9,3.0
540,Chloe Hernandez,0,26,Bachelor's,1,27,1,65000,3.8,3.0
541,Ava Lee,0,24,Bachelor's,3,22,1,66000,3.7,2.0
542,Liam Perez,1,25,Bachelor's,0,32,0,0,3.6,1.0
543,Isabella Martinez,0,23,Bachelor's,2,29,1,63000,3.7,2.0
544,Alexander Lee,1,26,Bachelor's,3,36,1,62000,3.8,3.0
545,Sophia Johnson,0,24,Bachelor's,4,20,1,60000,3.7,0.0
546,Lucas Taylor,1,23,Bachelor's,0,16,0,0,3.9,2.0
547,Emma Martinez,0,26,Bachelor's,2,24,1,65000,3.7,1.0
548,Aiden Davis,1,24,Bachelor's,0,18,1,66000,3.8,3.0
549,Mia Wilson,0,23,Bachelor's,1,39,1,63000,3.6,1.0
550,Jack Garcia,1,26,Bachelor's,3,40,1,64000,3.9,2.0
551,Emma Lopez,0,24,Bachelor's,4,30,1,67000,3.9,3.0
552,Oliver Rodriguez,1,23,Bachelor's,0,34,0,0,3.7,2.0
553,Chloe Hernandez,0,26,Bachelor's,1,41,1,67000,3.8,3.0
554,Ava Lee,0,24,Bachelor's,3,12,1,66000,3.9,3.0
555,Liam Perez,1,25,Bachelor's,0,27,1,65000,3.8,3.0
556,Isabella Martinez,0,23,Bachelor's,2,22,1,66000,3.7,2.0
557,Alexander Lee,1,26,Bachelor's,3,32,0,0,3.6,1.0
558,Sophia Johnson,0,24,Bachelor's,4,29,1,63000,3.7,2.0
559,Lucas Taylor,1,23,Bachelor's,0,36,1,62000,3.8,3.0
560,Emma Martinez,0,26,Bachelor's,2,20,1,60000,3.7,2.0
561,Aiden Davis,1,24,Bachelor's,0,23,1,61000,3.5,1.0
562,Mia Wilson,0,23,Bachelor's,1,16,0,0,3.9,2.0
563,Jack Garcia,1,26,Bachelor's,3,24,1,65000,3.7,1.0
564,Emma Lopez,0,24,Bachelor's,4,18,1,66000,3.8,3.0
565,Oliver Rodriguez,1,23,Bachelor's,0,39,1,63000,3.6,1.0
566,Chloe Hernandez,0,26,Bachelor's,1,40,1,64000,3.9,2.0
567,Ava Lee,0,24,Bachelor's,3,30,1,67000,3.9,3.0
568,Liam Perez,1,25,Bachelor's,0,34,0,0,3.7,2.0
569,Isabella Martinez,0,23,Bachelor's,2,41,1,67000,3.8,3.0
570,Alexander Lee,1,26,Bachelor's,3,12,1,66000,3.9,3.0
571,Sophia Johnson,0,24,Bachelor's,4,27,1,65000,3.8,3.0
572,Lucas Taylor,1,23,Bachelor's,0,22,1,66000,3.7,2.0
573,Emma Martinez,0,26,Bachelor's,2,32,0,0,3.6,1.0
574,Aiden Davis,1,24,Bachelor's,0,29,1,63000,3.7,2.0
575,Mia Wilson,0,23,Bachelor's,1,36,1,62000,3.8,3.0
576,Jack Garcia,1,26,Bachelor's,3,20,1,60000,3.7,2.0
577,Emma Lopez,0,24,Bachelor's,4,23,1,61000,3.5,1.0
578,Oliver Rodriguez,1,23,Bachelor's,0,16,0,0,3.9,2.0
579,Chloe Hernandez,0,26,Bachelor's,1,24,1,65000,3.7,1.0
580,Ava Lee,0,24,Bachelor's,3,18,1,66000,3.8,3.0
581,Liam Perez,1,25,Bachelor's,0,39,1,63000,3.6,1.0
582,Isabella Martinez,0,23,Bachelor's,2,40,1,64000,3.9,2.0
583,Alexander Lee,1,26,Bachelor's,3,30,1,67000,3.9,3.0
584,Sophia Johnson,0,24,Bachelor's,4,34,0,0,3.7,2.0
585,Lucas Taylor,1,23,Bachelor's,0,41,1,67000,3.8,3.0
586,Emma Martinez,0,26,Bachelor's,2,12,1,66000,3.9,3.0
587,Aiden Davis,1,24,Bachelor's,0,27,1,65000,3.8,3.0
588,Mia Wilson,0,23,Bachelor's,1,22,1,66000,3.7,2.0
589,Jack Garcia,1,26,Bachelor's,3,32,0,0,3.6,1.0
590,Emma Lopez,0,24,Bachelor's,4,29,1,63000,3.7,2.0
591,Oliver Rodriguez,1,23,Bachelor's,0,36,1,62000,3.8,3.0
592,Chloe Hernandez,0,26,Bachelor's,1,20,1,60000,3.7,2.0
593,Ava Lee,0,24,Bachelor's,3,23,1,61000,3.5,1.0
594,Liam Perez,1,25,Bachelor's,0,16,0,0,3.9,2.0
595,Isabella Martinez,0,23,Bachelor's,2,24,1,65000,3.7,1.0
596,Alexander Lee,1,26,Bachelor's,3,18,1,66000,3.8,3.0
597,Sophia Johnson,0,24,Bachelor's,4,39,1,63000,3.6,1.0
598,Lucas Taylor,1,23,Bachelor's,0,30,1,64000,3.9,2.0
599,Emma Martinez,0,26,Bachelor's,2,40,1,67000,3.9,3.0
600,Aiden Davis,1,24,Bachelor's,0,15,1,67000,3.8,3.0
601,Mia Wilson,0,23,Bachelor's,1,12,1,66000,3.7,2.0
602,Jack Garcia,1,26,Bachelor's,3,27,1,65000,3.8,3.0
603,Emma Lopez,0,24,Bachelor's,4,22,1,66000,3.7,2.0
604,Oliver Rodriguez,1,23,Bachelor's,0,32,0,0,3.6,1.0
605,Chloe Hernandez,0,26,Bachelor's,1,29,1,63000,3.7,2.0
606,Ava Lee,0,24,Bachelor's,3,36,1,62000,3.8,3.0
607,Liam Perez,1,25,Bachelor's,0,20,1,60000,3.7,2.0
608,Isabella Martinez,0,23,Bachelor's,2,23,1,61000,3.5,1.0
609,Alexander Lee,1,26,Bachelor's,3,16,0,0,3.9,2.0
610,Sophia Johnson,0,24,Bachelor's,4,24,1,65000,3.7,1.0
611,Lucas Taylor,1,23,Bachelor's,0,18,1,66000,3.8,3.0
612,Emma Martinez,0,26,Bachelor's,2,39,1,63000,3.6,1.0
613,Aiden Davis,1,24,Bachelor's,0,40,1,64000,3.9,2.0
614,Mia Wilson,0,23,Bachelor's,1,30,1,67000,3.9,3.0
615,Jack Garcia,1,26,Bachelor's,3,34,0,0,3.7,2.0
616,Emma Lopez,0,24,Bachelor's,4,41,1,67000,3.8,3.0
617,Oliver Rodriguez,1,23,Bachelor's,0,12,1,66000,3.9,3.0
618,Chloe Hernandez,0,26,Bachelor's,1,27,1,65000,3.8,3.0
619,Emma Martinez,0,26,Bachelor's,2,22,1,66000,3.7,2.0
620,Aiden Davis,1,24,Bachelor's,0,32,0,0,3.6,1.0
621,Mia Wilson,0,23,Bachelor's,1,29,1,63000,3.7,2.0
622,Jack Garcia,1,26,Bachelor's,3,36,1,62000,3.8,3.0
623,Emma Lopez,0,24,Bachelor's,4,20,1,60000,3.7,2.0
624,Oliver Rodriguez,1,23,Bachelor's,0,23,1,61000,3.5,1.0
625,Chloe Hernandez,0,26,Bachelor's,1,16,0,0,3.9,2.0
626,Ava Lee,0,24,Bachelor's,3,24,1,65000,3.7,1.0
627,Liam Perez,1,25,Bachelor's,0,18,1,66000,3.8,3.0
628,Isabella Martinez,0,23,Bachelor's,2,39,1,63000,3.6,1.0
629,Alexander Lee,1,26,Bachelor's,3,40,1,64000,3.9,2.0
630,Sophia Johnson,0,24,Bachelor's,4,30,1,67000,3.9,3.0
631,Lucas Taylor,1,23,Bachelor's,0,34,0,0,3.7,2.0
632,Emma Martinez,0,26,Bachelor's,2,41,1,67000,3.8,3.0
633,Aiden Davis,1,24,Bachelor's,0,12,1,66000,3.9,3.0
634,Mia Wilson,0,23,Bachelor's,1,27,1,65000,3.8,3.0
635,Jack Garcia,1,26,Bachelor's,3,22,1,66000,3.7,2.0
636,Emma Lopez,0,24,Bachelor's,4,32,0,0,3.6,1.0
637,Oliver Rodriguez,1,23,Bachelor's,0,29,1,63000,3.7,2.0
638,Chloe Hernandez,0,26,Bachelor's,1,36,1,62000,3.8,3.0
639,Ava Lee,0,24,Bachelor's,3,20,1,60000,3.7,2.0
640,Liam Perez,1,25,Bachelor's,0,23,1,61000,3.5,1.0
641,Isabella Martinez,0,23,Bachelor's,2,16,0,0,3.9,2.0
642,Alexander Lee,1,26,Bachelor's,3,24,1,65000,3.7,1.0
643,Sophia Johnson,0,24,Bachelor's,4,18,1,66000,3.8,3.0
644,Lucas Taylor,1,23,Bachelor's,0,39,1,63000,3.6,1.0
645,Emma Martinez,0,26,Bachelor's,2,40,1,64000,3.9,2.0
646,Aiden Davis,1,24,Bachelor's,0,30,1,67000,3.9,3.0
647,Mia Wilson,0,23,Bachelor's,1,34,0,0,3.7,2.0
648,Jack Garcia,1,26,Bachelor's,3,41,1,67000,3.8,3.0
649,Emma Lopez,0,24,Bachelor's,4,12,1,66000,3.9,3.0
650,Oliver Rodriguez,1,23,Bachelor's,0,27,1,65000,3.8,3.0
651,Chloe Hernandez,0,26,Bachelor's,1,22,1,66000,3.7,2.0
652,Ava Lee,0,24,Bachelor's,3,32,0,0,3.6,1.0
653,Liam Perez,1,25,Bachelor's,0,29,1,63000,3.7,2.0
654,Isabella Martinez,0,23,Bachelor's,2,36,1,62000,3.8,3.0
655,Alexander Lee,1,26,Bachelor's,3,20,1,60000,3.7,2.0
656,Sophia Johnson,0,24,Bachelor's,4,23,1,61000,3.5,1.0
657,Lucas Taylor,1,23,Bachelor's,0,16,0,0,3.9,2.0
658,Emma Martinez,0,26,Bachelor's,2,24,1,65000,3.7,1.0
659,Aiden Davis,1,24,Bachelor's,0,18,1,66000,3.8,3.0
660,Mia Wilson,0,23,Bachelor's,1,39,1,63000,3.6,1.0
661,Jack Garcia,1,26,Bachelor's,3,40,1,64000,3.9,2.0
662,Emma Lopez,0,24,Bachelor's,4,30,1,67000,3.9,3.0
663,Oliver Rodriguez,1,23,Bachelor's,0,34,0,0,3.7,2.0
664,Chloe Hernandez,0,26,Bachelor's,1,41,1,67000,3.8,3.0
665,Ava Lee,0,24,Bachelor's,3,12,1,66000,3.9,3.0
666,Liam Perez,1,25,Bachelor's,0,27,1,65000,3.8,3.0
667,Isabella Martinez,0,23,Bachelor's,2,22,1,66000,3.7,2.0
668,Alexander Lee,1,26,Bachelor's,3,32,0,0,3.6,1.0
669,Sophia Johnson,0,24,Bachelor's,4,29,1,63000,3.7,2.0
670,Lucas Taylor,1,23,Bachelor's,0,36,1,62000,3.8,3.0
671,Emma Martinez,0,26,Bachelor's,2,20,1,60000,3.7,2.0
672,Aiden Davis,1,24,Bachelor's,0,23,1,61000,3.5,1.0
673,Mia Wilson,0,23,Bachelor's,1,16,0,0,3.9,2.0
674,Jack Garcia,1,26,Bachelor's,3,24,1,65000,3.7,1.0
675,Emma Lopez,0,24,Bachelor's,4,18,1,66000,3.8,3.0
676,Oliver Rodriguez,1,23,Bachelor's,0,39,1,63000,3.6,1.0
677,Chloe Hernandez,0,26,Bachelor's,1,40,1,64000,3.9,2.0
678,Ava Lee,0,24,Bachelor's,3,30,1,67000,3.9,3.0
679,Liam Perez,1,25,Bachelor's,0,34,0,0,3.7,2.0
680,Isabella Martinez,0,23,Bachelor's,2,41,1,67000,3.8,3.0
681,Alexander Lee,1,26,Bachelor's,3,12,1,66000,3.9,3.0
682,Sophia Johnson,0,24,Bachelor's,4,27,1,65000,3.8,3.0
683,Lucas Taylor,1,23,Bachelor's,0,22,1,66000,3.7,2.0
684,Emma Martinez,0,26,Bachelor's,2,32,0,0,3.6,1.0
685,Aiden Davis,1,24,Bachelor's,0,29,1,63000,3.7,2.0
686,Mia Wilson,0,23,Bachelor's,1,36,1,62000,3.8,3.0
687,Jack Garcia,1,26,Bachelor's,3,20,1,60000,3.7,2.0
688,Emma Lopez,0,24,Bachelor's,4,23,1,61000,3.5,1.0
689,Oliver Rodriguez,1,23,Bachelor's,0,16,0,0,3.9,2.0
690,Chloe Hernandez,0,26,Bachelor's,1,24,1,65000,3.7,1.0
691,Ava Lee,0,24,Bachelor's,3,18,1,66000,3.8,3.0
692,Liam Perez,1,25,Bachelor's,0,39,1,63000,3.6,1.0
693,Isabella Martinez,0,23,Bachelor's,2,40,1,64000,3.9,2.0
694,Alexander Lee,1,26,Bachelor's,3,30,1,67000,3.9,3.0
695,Sophia Johnson,0,24,Bachelor's,4,34,0,0,3.7,2.0
696,Lucas Taylor,1,23,Bachelor's,0,41,1,67000,3.8,3.0
697,Emma Martinez,0,26,Bachelor's,2,12,1,66000,3.9,3.0
698,Aiden Davis,1,24,Bachelor's,0,27,1,65000,3.8,3.0
699,Mia Wilson,0,23,Bachelor's,1,22,1,66000,3.7,2.0
700,Jack Garcia,1,26,Bachelor's,3,32,0,0,3.6,1.0
